text,label
I feel happy and energetic today,positive
I am grateful for my friends,positive
Today was a lovely and peaceful day,positive
I feel hopeful about tomorrow,positive
I am excited to start my new project,positive
I finished my work and feel proud,positive
The sunny morning put me in a great mood,positive
I feel relaxed after taking a walk,positive
I enjoyed talking with my family today,positive
I am confident that I can handle this,positive
This good news made me smile,positive
I feel refreshed and ready,positive
I am thankful for a quiet evening,positive
Learning this new skill feels rewarding,positive
I had a wonderful time with friends,positive
I feel cheerful and motivated,positive
It was satisfying to complete my assignment,positive
I am looking forward to the weekend,positive
I feel calm and content right now,positive
Today brought a lot of joy,positive
I attended class and took notes,neutral
Today I went to the library,neutral
I have a meeting in the afternoon,neutral
The bus arrived at eight o'clock,neutral
I completed my assignment this morning,neutral
I am making tea before work,neutral
The weather is cloudy today,neutral
I read two chapters of a book,neutral
I need to buy groceries later,neutral
My class starts at nine,neutral
I organized the files on my desk,neutral
I cooked rice for dinner,neutral
There are three tasks on my list,neutral
I walked home after school,neutral
The package arrived this afternoon,neutral
I watched a documentary last night,neutral
I am planning next week's schedule,neutral
My phone battery is almost empty,neutral
I sent an email to my teammate,neutral
The cafe closes at six,neutral
I feel exhausted after a long day,negative
I am frustrated with this difficult task,negative
Today feels overwhelming,negative
I feel lonely this evening,negative
I am worried about the result,negative
I did not sleep well last night,negative
I am disappointed that plans changed,negative
Everything feels hard right now,negative
I feel tense before the exam,negative
This problem is making me angry,negative
I am tired and cannot focus,negative
I feel stuck with too much to do,negative
The argument left me upset,negative
I am nervous about tomorrow,negative
I keep thinking about what went wrong,negative
I feel discouraged by this setback,negative
Today has been a stressful day,negative
I am having a difficult afternoon,negative
I feel drained after this week,negative
I am upset and need a quiet moment,negative
I am not feeling good today,negative
I am not happy with how today went,negative
I have so much work and no free time,negative
My workload is making me feel overwhelmed,negative
I feel stressed because I have an exam tomorrow,negative
I am worried about my assignment deadline,negative
I have too many tasks and no time to rest,negative
I feel anxious about finishing all this work,negative
I am exhausted from studying all day,negative
I cannot focus because I am under pressure,negative
I feel sad and alone tonight,negative
I am frustrated that nothing is going as planned,negative
I feel terrible after that argument,negative
Today has been difficult and tiring,negative
I am not okay with this situation,negative
I do not feel relaxed at all,negative
I am tired of having so much to do,negative
There is no free time in my schedule,negative
I feel overwhelmed by school work,negative
I am stressed and need a moment,negative
I feel happy after spending time with my friends,positive
I had an amazing day and feel grateful,positive
I am excited about tomorrow,positive
I am thankful for the support I received,positive
I feel good about finishing my project,positive
My friends made today joyful,positive
I am proud of the work I completed,positive
I feel hopeful and calm this evening,positive
I enjoyed a relaxing walk,positive
I feel energized after a good night's sleep,positive
I am looking forward to my holiday,positive
This was a wonderful surprise,positive
I feel confident about the next step,positive
I am glad that things worked out,positive
I had a peaceful and satisfying day,positive
I feel lucky to have kind friends,positive
I am excited to learn something new,positive
I feel cheerful this morning,positive
I am grateful for a quiet afternoon,positive
Today was genuinely lovely,positive
I went to college and completed my assignment,neutral
I attended a lecture this morning,neutral
I have an exam scheduled for tomorrow,neutral
I worked on my assignment for an hour,neutral
I am studying in the library,neutral
I wrote down my tasks for today,neutral
I have a busy schedule this week,neutral
I took the train to campus,neutral
I am preparing notes for class,neutral
I finished one task and started another,neutral
I am going to the grocery store,neutral
The meeting begins after lunch,neutral
I sent my assignment to the teacher,neutral
I am checking the timetable,neutral
My notebook is on the kitchen table,neutral
I have class in the morning,neutral
I watched a film at home,neutral
I made a list of errands,neutral
The library was quiet today,neutral
I am planning what to do tomorrow,neutral
